k,inertia,silhouette,calinski_harabasz,davies_bouldin,smallest_cluster,largest_cluster
2,156332.64565121662,0.05404307292993901,134.76751547939912,4.118193187264251,1132,1757
3,148059.87574828923,0.05472672232479905,151.751033897696,2.7706047208301783,1,1728
4,143479.4476888064,0.054827961479099296,135.06102286157167,2.693278464506509,1,1683
5,139424.77971059873,0.0514689904263578,125.17314811978,2.7119022450612844,1,1545
6,136899.1735280956,0.03316573365838609,112.58807404864372,3.1105498224249093,1,1006
7,133316.7858325179,0.04154764923166285,109.21828162575588,2.7449787716185283,1,1321
8,131337.4822541151,0.02626165501914619,101.19605068488492,3.005178296309448,1,895
9,128982.64693023641,0.019838197984104383,96.70435983627317,2.896555634382987,1,825
10,126175.45060580809,0.02104643391216858,94.95837773436605,2.764739691259578,1,809
