seed_a,seed_b,ari
0,1,0.8173768284670874
0,2,0.5647266026124236
0,3,0.3574272317160148
0,4,0.34285602938363285
0,5,0.38012993741598305
0,6,0.33690706834544876
0,7,0.3245299198429594
0,8,0.8426662059177316
0,9,0.5511575760611465
0,10,0.35161804527467516
0,11,0.33603724197116214
0,12,0.5957444786113296
0,13,0.34227280981866104
0,14,0.7218640824038289
0,15,0.3373602696944231
0,16,0.4318139884514611
0,17,0.38931296009308386
0,18,0.8874192736537221
0,19,0.34452399999832545
1,2,0.5469155473171916
1,3,0.3509100798075369
1,4,0.35035787797007106
1,5,0.37030590645877265
1,6,0.3449100916098542
1,7,0.3342978025973417
1,8,0.7831039414895876
1,9,0.5578315093654126
1,10,0.35321343399055716
1,11,0.31085776263320297
1,12,0.5353908635247321
1,13,0.34068146958171114
1,14,0.7605132797695688
1,15,0.2969774247867624
1,16,0.4739308868292127
1,17,0.35086382452129333
1,18,0.8123947465688081
1,19,0.3403719183386319
2,3,0.3697513224130793
2,4,0.5084378607613917
2,5,0.43111825790362673
2,6,0.4373821059246564
2,7,0.4297080715760682
2,8,0.47691946961516074
2,9,0.9545298227562339
2,10,0.4489154349391775
2,11,0.3051418705214542
2,12,0.9283561400548921
2,13,0.44566037869491376
2,14,0.7060574672583873
2,15,0.3009818391264388
2,16,0.22828523545021026
2,17,0.35953128681977864
2,18,0.5037858810689775
2,19,0.44075508718030854
3,4,0.6267149214447698
3,5,0.7329880224753744
3,6,0.4266645393793325
3,7,0.42605389493835677
3,8,0.38467746898129884
3,9,0.36812924078902787
3,10,0.41982984433188686
3,11,0.5256357332952714
3,12,0.3780993872474893
3,13,0.4158184513542544
3,14,0.29891059435545575
3,15,0.6873561169444057
3,16,0.409432937817765
3,17,0.7407243757619328
3,18,0.3885408374520906
3,19,0.39193204631999257
4,5,0.7655872305136531
4,6,0.6116001600523312
4,7,0.6328509072372911
4,8,0.3004890999694961
4,9,0.5132555084526015
4,10,0.614030840812585
4,11,0.3896683807048163
4,12,0.5182732187027259
4,13,0.5769717719091805
4,14,0.42428775577375427
4,15,0.4734448374484785
4,16,0.3283736018952328
4,17,0.538618133449525
4,18,0.3107287930555736
4,19,0.5632498237699813
5,6,0.5284017243792939
5,7,0.5258828102850912
5,8,0.3200373002924119
5,9,0.43779402061397
5,10,0.5351310325230847
5,11,0.47529006341941804
5,12,0.4398903764655593
5,13,0.5230434558967795
5,14,0.3565082332210955
5,15,0.5692577219696195
5,16,0.39430101090409325
5,17,0.5831164564258767
5,18,0.3316334645054714
5,19,0.48771951631379395
6,7,0.9399058722323624
6,8,0.30331593593529577
6,9,0.43811048077777104
6,10,0.9314609918154647
6,11,0.6265743576435233
6,12,0.43364703004090077
6,13,0.8390060797372653
6,14,0.3808407469165399
6,15,0.5118920157795905
6,16,0.5441692650875815
6,17,0.37698591021222777
6,18,0.3126590598681494
6,19,0.8606879458539423
7,8,0.2944159324693584
7,9,0.4295226498727518
7,10,0.8945237534773518
7,11,0.6061859876116479
7,12,0.42697218835459005
7,13,0.798807524556418
7,14,0.3686868383489167
7,15,0.5054691195667786
7,16,0.521719920539461
7,17,0.38100597719247964
7,18,0.3027634627902092
7,19,0.8283026510850349
8,9,0.4623844197256683
8,10,0.30899779296190305
8,11,0.3725034473093333
8,12,0.5028716116210442
8,13,0.3038802732682276
8,14,0.634667825161088
8,15,0.38643368740355566
8,16,0.4659002427947297
8,17,0.4205558776243219
8,18,0.9521801283761334
8,19,0.3105762797976595
9,10,0.45221864045583654
9,11,0.29832732686018215
9,12,0.9142324595332822
9,13,0.4513033994052649
9,14,0.7095185180942855
9,15,0.2954899714472242
9,16,0.23121224701079807
9,17,0.3511186094311975
9,18,0.49090277242062447
9,19,0.4436982221336318
10,11,0.6014487867814834
10,12,0.44905902366955786
10,13,0.8498813915953516
10,14,0.3782743350194977
10,15,0.4951471324817399
10,16,0.5278699007909871
10,17,0.3683863343154994
10,18,0.3199601065560779
10,19,0.8466645793169489
11,12,0.33142039036829896
11,13,0.630712417147839
11,14,0.2494943231239398
11,15,0.7376378610727223
11,16,0.6961385592173435
11,17,0.4877667987407467
11,18,0.37492519760423254
11,19,0.6181463452417875
12,13,0.4467494364719744
12,14,0.684494014622361
12,15,0.32433668519339987
12,16,0.2279503281870362
12,17,0.37867111821767374
12,18,0.5344385083645771
12,19,0.44028959636283205
13,14,0.36966439770736
13,15,0.5069590555954248
13,16,0.6074806023390704
13,17,0.3669693672166437
13,18,0.31424833898938864
13,19,0.9182521490484642
14,15,0.2443071620915668
14,16,0.4050885999231748
14,17,0.3102609395378565
14,18,0.6641349277215941
14,19,0.37621907102809043
15,16,0.5510467973931055
15,17,0.6320037506444077
15,18,0.3789649839917308
15,19,0.49960951322061303
16,17,0.39068042845837603
16,18,0.4693345839038966
16,19,0.5942039138212848
17,18,0.4207437045096197
17,19,0.3714505776818954
18,19,0.3201800317276856
