replicate,n_rows,ari
0,1833,0.9453521883254125
1,1822,0.5827863810649678
2,1811,0.4085103124391131
3,1800,0.3309122515727501
4,1823,0.4357040657484384
5,1830,0.4046437709790859
6,1796,0.45394954558665634
7,1857,0.4374001319435318
8,1828,0.6847197119283412
9,1840,0.9114346283431471
10,1831,0.5073294858767781
11,1811,0.3587748332992514
12,1852,0.3161797046083103
13,1815,0.2964929814917064
14,1819,0.38601845888502767
15,1831,0.47173271742444023
16,1814,0.3292652925331348
17,1821,0.4048448684805113
18,1782,0.7850477706565044
19,1813,0.3608753991129714
20,1807,0.3750184502359518
21,1801,0.39059660351776604
22,1870,0.3718511913883961
23,1781,0.4393717600008843
24,1812,0.4515003854672528
25,1818,0.6081712628819035
26,1805,0.625997419286292
27,1819,0.5376214176144202
28,1803,0.39975205646018835
29,1831,0.3017093807202877
30,1843,0.25787084119462894
31,1796,0.3369476281577622
32,1829,0.3432154003916761
33,1844,0.4895097100587253
34,1807,0.4466252236499774
35,1822,0.40593657518198967
36,1845,0.5049144161198411
37,1786,0.4133382722439267
38,1849,0.3513376607762697
39,1848,0.4317945491416699
40,1827,0.30218911414329586
41,1808,0.3718452063892193
42,1780,0.4511028727410664
43,1839,0.5242887173572888
44,1855,0.49821396099237497
45,1818,0.4134217552909884
46,1841,0.5779490508167481
47,1814,0.7217865662002154
48,1811,0.7311867270960084
49,1828,0.4449399236322031
50,1807,0.43704662364990704
51,1834,0.3804088911234504
52,1846,0.42287489363348935
53,1822,0.6077433661354557
54,1819,0.43031609130578014
55,1879,0.42695561716463826
56,1814,0.4318738629560842
57,1824,0.4128862148093018
58,1835,0.40277735054839153
59,1824,0.4576128638755066
60,1801,0.2705237355841426
61,1800,0.41935543049418894
62,1850,0.4429156303050182
63,1848,0.3507418514639335
64,1826,0.46434104918860697
65,1801,0.44917441857305024
66,1822,0.39718257017154057
67,1799,0.44529944853558645
68,1837,0.4835845162429131
69,1829,0.4751653697397147
70,1861,0.5008401475772553
71,1802,0.5607795195664659
72,1834,0.4042006279965805
73,1819,0.43524987566246726
74,1863,0.44752274234989603
75,1855,0.41531609175488243
76,1805,0.5047244281910557
77,1820,0.4660845969928271
78,1821,0.3650549270104247
79,1828,0.6050711845072005
80,1829,0.4091745687477526
81,1839,0.5619103219851008
82,1848,0.4782945115165699
83,1831,0.4382787049692457
84,1822,0.40046444576465956
85,1828,0.4225114079414024
86,1813,0.5469825286618789
87,1797,0.2986194821724067
88,1826,0.5088997278647047
89,1850,0.7101455806113978
90,1796,0.5871754127272482
91,1825,0.46768350274795994
92,1837,0.30611359888458184
93,1812,0.8480008165804435
94,1832,0.4935512422772407
95,1801,0.3922276177949338
96,1823,0.6004582183363181
97,1835,0.760120312799849
98,1828,0.3432407414944786
99,1815,0.5344465705835911
