repeat,fold,model,n,mae,rmse,r2
0,0,0_dummy_mean,578,47.67794166308568,59.039436138277125,-0.00872004475667465
0,0,1a_ridge,578,33.79954200549549,43.1720619720948,0.46062373393754896
0,0,1b_lasso,578,33.76669218051432,42.77613886985912,0.4704714129128097
0,0,1c_elasticnet,578,33.53791220128035,42.76873610012755,0.4706546757835358
0,0,2_random_forest_global,578,32.78494425221069,41.78306068435004,0.4947727715161221
0,0,3_hist_gradient_boosting,578,32.05667374650574,40.947020041902384,0.5147887620644491
0,0,4_strategy_A_specialists,578,34.41890426758939,43.56911305609966,0.45065688362445855
0,0,5_strategy_B_cluster_feature,578,32.89731737793157,41.99967911939761,0.48952063239857724
0,0,6_strategy_C_oversampled,578,33.21929642445213,42.025362437058966,0.48889611274789857
0,0,7_hybrid_router,578,33.92565167243367,43.17226275599312,0.46061871688178435
0,1,0_dummy_mean,578,44.829517023293135,55.85207989735772,-0.0013099342194429209
0,1,1a_ridge,578,33.79204543061289,43.69455160494725,0.3871638188789813
0,1,1b_lasso,578,32.77119740742992,42.52990888278446,0.419397731660093
0,1,1c_elasticnet,578,33.494083705065435,43.44675710782765,0.394094973053598
0,1,2_random_forest_global,578,32.15874855824683,40.79699873079164,0.4657478806474309
0,1,3_hist_gradient_boosting,578,31.514985653743224,40.40883513882006,0.4758658148782716
0,1,4_strategy_A_specialists,578,33.07256805074971,41.89391588676081,0.4366325686581586
0,1,5_strategy_B_cluster_feature,578,32.3748615916955,40.83892292969154,0.46464929000196376
0,1,6_strategy_C_oversampled,578,32.76443483275663,41.56112799223024,0.445547334360605
0,1,7_hybrid_router,578,33.24912802768166,42.11435128584559,0.4306883717396649
0,2,0_dummy_mean,578,48.26969705590384,60.22498067332596,-2.178676152797543e-05
0,2,1a_ridge,578,34.06724940847198,44.05064685903792,0.46499147348603065
0,2,1b_lasso,578,33.672254139905604,43.64622598453156,0.4747700084821608
0,2,1c_elasticnet,578,33.85917249553244,43.852210374154936,0.4698007598812134
0,2,2_random_forest_global,578,34.69355824682814,44.747221498168386,0.4479374709899203
0,2,3_hist_gradient_boosting,578,34.69898818596183,44.88220363028295,0.4446018014599534
0,2,4_strategy_A_specialists,578,35.708824106113035,45.85498291819244,0.4202654343799501
0,2,5_strategy_B_cluster_feature,578,34.627532679738565,44.743275002894485,0.4480348453525105
0,2,6_strategy_C_oversampled,578,35.085326797385626,45.217518393181926,0.43627204605849956
0,2,7_hybrid_router,578,35.458749519415605,45.40393730138817,0.4316142859454224
0,3,0_dummy_mean,578,48.31314130254133,60.22895218571401,-0.0017171619122489101
0,3,1a_ridge,578,32.42886347109451,40.8290273369972,0.5396665151968685
0,3,1b_lasso,578,32.404131732248366,41.08463108890648,0.5338847820105392
0,3,1c_elasticnet,578,32.31125089850698,40.722353924782986,0.5420687862460094
0,3,2_random_forest_global,578,32.05664552095348,40.712062857576626,0.5423002073194394
0,3,3_hist_gradient_boosting,578,31.451764749217585,40.106472910316086,0.5558154588918947
0,3,4_strategy_A_specialists,578,34.032361591695505,43.34803433218448,0.4811123714720127
0,3,5_strategy_B_cluster_feature,578,32.385868896578245,40.906050247821156,0.5379280623904892
0,3,6_strategy_C_oversampled,578,32.89890042291426,41.743514364343845,0.5188145159291628
0,3,7_hybrid_router,578,33.553855247981545,42.587105940107065,0.4991695161656714
0,4,0_dummy_mean,577,48.70913791655922,60.071777427937704,-0.006267246003266669
0,4,1a_ridge,577,32.46561287740722,41.10138248236582,0.5289302331375998
0,4,1b_lasso,577,32.954453593603986,41.86780566666794,0.5111982280827166
0,4,1c_elasticnet,577,32.09310942062945,40.736230158402456,0.5372631949750393
0,4,2_random_forest_global,577,32.717195262853835,41.24885684479402,0.5255437121992241
0,4,3_hist_gradient_boosting,577,31.985592484521167,40.75924036104377,0.5367402857699326
0,4,4_strategy_A_specialists,577,33.846019641825535,43.26012294618993,0.47814737670531227
0,4,5_strategy_B_cluster_feature,577,32.8157134604275,41.181826892508134,0.5270844551330756
0,4,6_strategy_C_oversampled,577,33.14183131138071,41.78315369635713,0.51317283370502
0,4,7_hybrid_router,577,33.725361062969384,42.74001073355426,0.49062030857091266
1,0,0_dummy_mean,578,47.70595721680125,58.474779009989874,-0.0020270721958517424
1,0,1a_ridge,578,35.03784962582732,44.81477771904899,0.41144809441473473
1,0,1b_lasso,578,34.2754006872741,44.08651147557792,0.430421291403426
1,0,1c_elasticnet,578,34.72664974219005,44.48635715674941,0.4200427721144271
1,0,2_random_forest_global,578,35.02618415993848,44.754000488669654,0.4130433851108002
1,0,3_hist_gradient_boosting,578,34.31133481070368,44.175645022761024,0.42811582922821967
1,0,4_strategy_A_specialists,578,36.555501730103806,46.44551072300364,0.3678359968683891
1,0,5_strategy_B_cluster_feature,578,35.027294309880816,44.93174986208379,0.4083716974258529
1,0,6_strategy_C_oversampled,578,35.09328143021915,44.77120480402553,0.41259202310682397
1,0,7_hybrid_router,578,35.80732987312572,45.767827521146145,0.38614913376194415
1,1,0_dummy_mean,578,46.376597407614256,58.29047158808599,-5.1275551311569245e-06
1,1,1a_ridge,578,31.790635456625683,40.62970710254815,0.5141586531107449
1,1,1b_lasso,578,32.01586129667566,41.18133110077811,0.5008766938194937
1,1,1c_elasticnet,578,31.535350661391963,40.28140345020919,0.5224528297410054
1,1,2_random_forest_global,578,31.42853517877739,40.507316541068526,0.5170812847979085
1,1,3_hist_gradient_boosting,578,31.23230639277999,39.98675742211982,0.5294134989047878
1,1,4_strategy_A_specialists,578,32.653725490196074,42.30787961773719,0.4731953388433947
1,1,5_strategy_B_cluster_feature,578,31.471257208765856,40.491720796435864,0.517453070823473
1,1,6_strategy_C_oversampled,578,31.732687427912346,41.00364476911989,0.5051745664660414
1,1,7_hybrid_router,578,31.75510380622837,41.03963537886258,0.5043055273817907
1,2,0_dummy_mean,578,46.866494529697746,58.07397907681445,-0.002382362759481005
1,2,1a_ridge,578,33.77103462174464,42.90074575160201,0.45298412237650154
1,2,1b_lasso,578,33.01420104442983,42.392311976940434,0.46587309571941427
1,2,1c_elasticnet,578,33.42988008343311,42.63853014704239,0.4596505681637878
1,2,2_random_forest_global,578,33.03235294117647,42.159256441187395,0.4717297736254735
1,2,3_hist_gradient_boosting,578,32.35965086249628,41.65011848266502,0.48441208253670165
1,2,4_strategy_A_specialists,578,34.107315455594005,43.16692301635505,0.44617515510470607
1,2,5_strategy_B_cluster_feature,578,32.852363514033065,41.94816812635885,0.4770065510572744
1,2,6_strategy_C_oversampled,578,33.8609169550173,42.88543632481432,0.45337446548753857
1,2,7_hybrid_router,578,34.00116397539408,43.08261434892322,0.4483363764498467
1,3,0_dummy_mean,578,46.60350228110182,57.52007612875924,-0.004244394620330771
1,3,1a_ridge,578,31.11180320639011,39.61900610150603,0.5235606045778871
1,3,1b_lasso,578,31.224888274176013,39.53979541704485,0.5254638004553391
1,3,1c_elasticnet,578,30.965750372484916,39.31884848472268,0.5307523647977841
1,3,2_random_forest_global,578,31.443035371011145,39.282365502527135,0.5316227672320326
1,3,3_hist_gradient_boosting,578,30.772332576786248,39.014046409355345,0.5379994373384265
1,3,4_strategy_A_specialists,578,32.6139446366782,40.592637147400836,0.4998560205195153
1,3,5_strategy_B_cluster_feature,578,31.21105824682814,39.011373736785465,0.5380627342302036
1,3,6_strategy_C_oversampled,578,31.980313341022683,39.84777985462378,0.5180424691197667
1,3,7_hybrid_router,578,32.362204921184166,40.47407030973951,0.5027734897418266
1,4,0_dummy_mean,577,50.148004083884544,62.92603709503551,-0.0008708869771829608
1,4,1a_ridge,577,34.01942623491621,43.663054295654725,0.5181126599437276
1,4,1b_lasso,577,33.41145616049244,42.5776062795465,0.5417739487494888
1,4,1c_elasticnet,577,33.70374335117099,43.25502183718819,0.5270770781693657
1,4,2_random_forest_global,577,33.22896013864818,42.3695135464512,0.5462420485560711
1,4,3_hist_gradient_boosting,577,32.46755737833754,42.02727894232024,0.553542793130001
1,4,4_strategy_A_specialists,577,35.22135759676488,44.86299524641954,0.49126241498909096
1,4,5_strategy_B_cluster_feature,577,33.336480839591765,42.42623776980893,0.5450262547015202
1,4,6_strategy_C_oversampled,577,34.52482842287695,44.04308555909717,0.509687723844589
1,4,7_hybrid_router,577,34.51209127671866,44.181255721786144,0.5066065231558916
2,0,0_dummy_mean,578,49.36183575168556,60.86845206781336,-0.0018672283663219158
2,0,1a_ridge,578,34.76368119784073,44.313170309916394,0.4690039384010517
2,0,1b_lasso,578,33.89715878221504,43.46155185809745,0.4892173761828804
2,0,1c_elasticnet,578,34.496346276228365,44.084570306522885,0.4744683455813703
2,0,2_random_forest_global,578,33.71057670126874,42.79856086405048,0.504682140520825
2,0,3_hist_gradient_boosting,578,32.79594779099023,42.062061089335614,0.5215828324238312
2,0,4_strategy_A_specialists,578,34.86505767012687,44.45686221194251,0.46555469113746906
2,0,5_strategy_B_cluster_feature,578,33.25504709727028,42.47410345820451,0.5121637180382277
2,0,6_strategy_C_oversampled,578,33.94145328719724,43.027762900922305,0.49936271614180927
2,0,7_hybrid_router,578,33.88608419838524,43.047255808040134,0.4989090050514715
2,1,0_dummy_mean,578,47.35549328546038,58.42762439739667,-0.00020529474833241856
2,1,1a_ridge,578,32.38182788286022,41.20649281256292,0.5025104115618313
2,1,1b_lasso,578,31.708877745660285,40.54581411772771,0.5183353857595796
2,1,1c_elasticnet,578,32.02720477852015,40.92540961226763,0.5092743471599124
2,1,2_random_forest_global,578,31.230561322568242,40.410435495513724,0.521546480819257
2,1,3_hist_gradient_boosting,578,30.58390883429284,39.87624495489647,0.534112345741732
2,1,4_strategy_A_specialists,578,33.25706074586697,42.8080074001767,0.4630884855241614
2,1,5_strategy_B_cluster_feature,578,31.283761053440987,40.451029336444705,0.5205847479886225
2,1,6_strategy_C_oversampled,578,31.512866205305656,40.723150198287456,0.5141128384658199
2,1,7_hybrid_router,578,32.442436562860436,41.90129095876352,0.4855922548317827
2,2,0_dummy_mean,578,46.26016838379407,58.67331309746044,-0.008662131007317608
2,2,1a_ridge,578,32.805045040776015,41.4914581016555,0.49559209272775717
2,2,1b_lasso,578,32.34228272374683,40.51402839070349,0.5190772210392476
2,2,1c_elasticnet,578,32.56542806298579,41.12170199381864,0.5045422173685463
2,2,2_random_forest_global,578,33.50115916955017,41.88993097682745,0.4858571728570015
2,2,3_hist_gradient_boosting,578,32.22968301372627,40.825452723217005,0.5116552640773548
2,2,4_strategy_A_specialists,578,34.60572183775471,43.54873260169772,0.44433181436613156
2,2,5_strategy_B_cluster_feature,578,33.71223279507881,42.0780602617265,0.4812287326227913
2,2,6_strategy_C_oversampled,578,33.40772779700115,41.857935705277114,0.48664227117199144
2,2,7_hybrid_router,578,34.55062187620147,43.40742402521763,0.4479320700881937
2,3,0_dummy_mean,578,45.75007748409517,57.54981263345456,-0.024783973920355917
2,3,1a_ridge,578,33.719890272284054,43.15988891025317,0.42362500244659285
2,3,1b_lasso,578,33.5503734156099,43.1266718751026,0.42451184908117945
2,3,1c_elasticnet,578,33.48281446535139,42.87237505820256,0.4312785823742814
2,3,2_random_forest_global,578,33.56212226066897,42.675524423753345,0.4364892175427222
2,3,3_hist_gradient_boosting,578,33.45723843142017,42.75395214363312,0.43441611000149616
2,3,4_strategy_A_specialists,578,34.11335063437139,42.901257412818595,0.43051204930511733
2,3,5_strategy_B_cluster_feature,578,33.55050461361015,42.70461982533251,0.4357205726656497
2,3,6_strategy_C_oversampled,578,33.71382929642446,43.01396931294952,0.427515755413882
2,3,7_hybrid_router,578,34.03475778546713,43.115169973385356,0.4248187740160625
2,4,0_dummy_mean,577,49.141433737324064,60.13037677351247,-0.000822786479497184
2,4,1a_ridge,577,32.60349905794458,43.50779783801165,0.47603347930479034
2,4,1b_lasso,577,32.912538173720556,42.61869798265595,0.49722961307657676
2,4,1c_elasticnet,577,32.49233140749015,43.411029141534556,0.47836166749547215
2,4,2_random_forest_global,577,32.74986135181975,41.3714308523878,0.5262268795293548
2,4,3_hist_gradient_boosting,577,31.594535700657985,40.56955037908131,0.5444146779749495
2,4,4_strategy_A_specialists,577,34.97511265164645,44.253626197403165,0.4579154111502298
2,4,5_strategy_B_cluster_feature,577,32.94233005969574,41.65201328659324,0.5197787974249335
2,4,6_strategy_C_oversampled,577,33.62783169651454,42.20195835283005,0.5070140483533301
2,4,7_hybrid_router,577,34.4737666088966,43.5739998118082,0.4744377189978676
