model,mae_mean,mae_sd,rmse_mean,rmse_sd,r2_mean,r2_sd,n_folds
3_hist_gradient_boosting,32.2342,1.1883,41.3363,1.6213,0.5072,0.0433,15
2_random_forest_global,32.8883,1.1251,41.8338,1.5175,0.4954,0.0407,15
5_strategy_B_cluster_feature,32.9162,1.1007,41.8559,1.5506,0.4948,0.0414,15
1b_lasso,32.9281,0.8661,42.1299,1.3058,0.4882,0.0397,15
1c_elasticnet,32.9814,1.0814,42.2614,1.5957,0.4848,0.0454,15
1a_ridge,33.2372,1.1082,42.5436,1.5834,0.4779,0.0456,15
6_strategy_C_oversampled,33.367,1.093,42.3804,1.4766,0.4824,0.0368,15
7_hybrid_router,33.8492,1.097,43.0405,1.4094,0.4662,0.0367,15
4_strategy_A_specialists,34.2698,1.1112,43.5514,1.4884,0.4538,0.0327,15
0_dummy_mean,47.5579,1.467,59.0901,1.7007,-0.0043,0.0064,15
