repeat,fold,model,n,roc_auc,avg_precision,brier,accuracy,balanced_accuracy,sensitivity,specificity
0,0,0_dummy_prior,578,0.5,0.3045,0.2153,0.6955,0.5,0.0,1.0
0,0,1_logistic_regression,578,0.8125,0.6759,0.1573,0.763,0.6731,0.4432,0.903
0,0,2_random_forest_global,578,0.8131,0.6743,0.1603,0.7612,0.7054,0.5625,0.8483
0,0,3_random_forest_cluster_aware,578,0.8183,0.6733,0.1592,0.7647,0.7079,0.5625,0.8532
0,1,0_dummy_prior,578,0.5,0.2595,0.1922,0.7405,0.5,0.0,1.0
0,1,1_logistic_regression,578,0.8161,0.5892,0.1451,0.7958,0.6868,0.46,0.9136
0,1,2_random_forest_global,578,0.8335,0.6333,0.154,0.7889,0.7514,0.6733,0.8294
0,1,3_random_forest_cluster_aware,578,0.8365,0.6356,0.1537,0.7924,0.7516,0.6667,0.8364
0,2,0_dummy_prior,578,0.5,0.2405,0.1831,0.7595,0.5,0.0,1.0
0,2,1_logistic_regression,578,0.8201,0.6107,0.135,0.8062,0.6561,0.3669,0.9453
0,2,2_random_forest_global,578,0.8067,0.6004,0.1506,0.7751,0.6971,0.5468,0.8474
0,2,3_random_forest_cluster_aware,578,0.8083,0.5964,0.1506,0.7855,0.7039,0.5468,0.861
0,3,0_dummy_prior,578,0.5,0.2422,0.1839,0.7578,0.5,0.0,1.0
0,3,1_logistic_regression,578,0.8753,0.6697,0.1214,0.8304,0.7059,0.4643,0.9475
0,3,2_random_forest_global,578,0.8708,0.6668,0.133,0.8391,0.7894,0.6929,0.8858
0,3,3_random_forest_cluster_aware,578,0.8639,0.6568,0.1349,0.8339,0.7859,0.6929,0.879
0,4,0_dummy_prior,577,0.5,0.2374,0.1816,0.7626,0.5,0.0,1.0
0,4,1_logistic_regression,577,0.8251,0.589,0.1371,0.7955,0.6146,0.2701,0.9591
0,4,2_random_forest_global,577,0.8278,0.5489,0.1435,0.7972,0.7162,0.562,0.8705
0,4,3_random_forest_cluster_aware,577,0.8321,0.5873,0.1404,0.7938,0.7039,0.5328,0.875
1,0,0_dummy_prior,578,0.5,0.2768,0.2008,0.7232,0.5,0.0,1.0
1,0,1_logistic_regression,578,0.8086,0.5738,0.157,0.7612,0.6228,0.3125,0.933
1,0,2_random_forest_global,578,0.7936,0.5516,0.1618,0.7907,0.7145,0.5437,0.8852
1,0,3_random_forest_cluster_aware,578,0.7898,0.5442,0.1628,0.7768,0.6914,0.5,0.8828
1,1,0_dummy_prior,578,0.5,0.2422,0.1839,0.7578,0.5,0.0,1.0
1,1,1_logistic_regression,578,0.8645,0.6919,0.1238,0.8149,0.6737,0.4,0.9475
1,1,2_random_forest_global,578,0.8726,0.6915,0.1369,0.8391,0.7991,0.7214,0.8767
1,1,3_random_forest_cluster_aware,578,0.8698,0.6864,0.1385,0.8408,0.7978,0.7143,0.8813
1,2,0_dummy_prior,578,0.5,0.2716,0.1982,0.7284,0.5,0.0,1.0
1,2,1_logistic_regression,578,0.7909,0.58,0.1553,0.7855,0.653,0.3631,0.943
1,2,2_random_forest_global,578,0.7919,0.6194,0.1595,0.7699,0.7042,0.5605,0.848
1,2,3_random_forest_cluster_aware,578,0.7949,0.6164,0.1594,0.7647,0.6987,0.5541,0.8432
1,3,0_dummy_prior,578,0.5,0.2422,0.1839,0.7578,0.5,0.0,1.0
1,3,1_logistic_regression,578,0.8536,0.6789,0.1275,0.8183,0.6663,0.3714,0.9612
1,3,2_random_forest_global,578,0.8457,0.6396,0.1425,0.7855,0.7175,0.5857,0.8493
1,3,3_random_forest_cluster_aware,578,0.8432,0.6474,0.143,0.7872,0.7187,0.5857,0.8516
1,4,0_dummy_prior,577,0.5,0.2513,0.1882,0.7487,0.5,0.0,1.0
1,4,1_logistic_regression,577,0.8573,0.6609,0.1284,0.8215,0.7021,0.4621,0.9421
1,4,2_random_forest_global,577,0.8655,0.6702,0.1382,0.8076,0.7547,0.6483,0.8611
1,4,3_random_forest_cluster_aware,577,0.8605,0.6717,0.1386,0.8163,0.7605,0.6483,0.8727
2,0,0_dummy_prior,578,0.5,0.2612,0.193,0.7388,0.5,0.0,1.0
2,0,1_logistic_regression,578,0.8364,0.6435,0.14,0.7941,0.653,0.3576,0.9485
2,0,2_random_forest_global,578,0.8418,0.6683,0.1454,0.7976,0.7367,0.6093,0.8642
2,0,3_random_forest_cluster_aware,578,0.8368,0.6509,0.1462,0.7993,0.725,0.5695,0.8806
2,1,0_dummy_prior,578,0.5,0.2595,0.1922,0.7405,0.5,0.0,1.0
2,1,1_logistic_regression,578,0.8469,0.6422,0.1377,0.7976,0.6511,0.3467,0.9556
2,1,2_random_forest_global,578,0.8442,0.626,0.1447,0.7907,0.7201,0.5733,0.8668
2,1,3_random_forest_cluster_aware,578,0.8536,0.6389,0.1415,0.8149,0.7451,0.6,0.8902
2,2,0_dummy_prior,578,0.5,0.2215,0.1744,0.7785,0.5,0.0,1.0
2,2,1_logistic_regression,578,0.837,0.6076,0.126,0.8218,0.6647,0.3828,0.9467
2,2,2_random_forest_global,578,0.814,0.5791,0.1486,0.7785,0.7152,0.6016,0.8289
2,2,3_random_forest_cluster_aware,578,0.8158,0.5818,0.1483,0.7768,0.7057,0.5781,0.8333
2,3,0_dummy_prior,578,0.5,0.2837,0.2044,0.7163,0.5,0.0,1.0
2,3,1_logistic_regression,578,0.8005,0.6139,0.1556,0.763,0.6394,0.3537,0.9251
2,3,2_random_forest_global,578,0.8014,0.5967,0.1656,0.7682,0.7185,0.6037,0.8333
2,3,3_random_forest_cluster_aware,578,0.7992,0.5974,0.1667,0.763,0.7149,0.6037,0.8261
2,4,0_dummy_prior,577,0.5,0.2582,0.1916,0.7418,0.5,0.0,1.0
2,4,1_logistic_regression,577,0.8508,0.6598,0.1318,0.8146,0.6956,0.4497,0.9416
2,4,2_random_forest_global,577,0.841,0.6749,0.1397,0.8146,0.7503,0.6174,0.8832
2,4,3_random_forest_cluster_aware,577,0.8462,0.6796,0.1377,0.8215,0.7594,0.6309,0.8879
